{
    "accuracy": 0.8782051282051282,
    "precision": 0.8442982456140351,
    "recall": 0.9871794871794872,
    "f1_score": 0.9101654846335697
}